,,,,,,,,,,,,,,,,,,,,,,,,
,使徒名,役割,属性,種族,,1-1,,1-2,,2-1,,2-2,,2-3,,3-1,,3-2,,3-3,,3-4,ボードタイプ,種族タイプ
,シーラ,アタッカー,冷静,精霊,FALSE,全体攻撃,FALSE,全体HP,FALSE,全体攻撃,FALSE,全体防御,FALSE,全体会心抵抗,FALSE,全体攻撃,FALSE,全体会心,FALSE,全体防御,FALSE,全体会心抵抗,HP+攻撃,精霊TypeC
,メロナ,サポーター,冷静,精霊,FALSE,全体攻撃,FALSE,全体HP,FALSE,全体攻撃,FALSE,全体防御,FALSE,全体会心抵抗,FALSE,全体攻撃,FALSE,全体会心,FALSE,全体防御,FALSE,全体会心抵抗,HP+攻撃,精霊TypeC
,フリックル,アタッカー,冷静,魔女,FALSE,全体攻撃,FALSE,全体HP,FALSE,全体攻撃,FALSE,全体防御,FALSE,全体会心抵抗,FALSE,全体攻撃,FALSE,全体会心,FALSE,全体防御,FALSE,全体会心抵抗,HP+攻撃,魔女TypeD
,マーゴ,サポーター,純粋,獣人,FALSE,全体攻撃,FALSE,全体HP,FALSE,全体攻撃,FALSE,全体防御,FALSE,全体会心抵抗,FALSE,全体攻撃,FALSE,全体会心,FALSE,全体防御,FALSE,全体会心抵抗,HP+攻撃,獣人TypeC
,ガヴィア,サポーター,純粋,精霊,FALSE,全体攻撃,FALSE,全体HP,FALSE,全体攻撃,FALSE,全体防御,FALSE,全体会心抵抗,FALSE,全体攻撃,FALSE,全体会心,FALSE,全体防御,FALSE,全体会心抵抗,HP+攻撃,精霊TypeC
,ビックウッド,タンク,純粋,精霊,FALSE,全体攻撃,FALSE,全体HP,FALSE,全体攻撃,FALSE,全体防御,FALSE,全体会心抵抗,FALSE,全体攻撃,FALSE,全体会心,FALSE,全体防御,FALSE,全体会心抵抗,HP+攻撃,精霊TypeC
,キュウイ,サポーター,純粋,妖精,FALSE,全体攻撃,FALSE,全体HP,FALSE,全体攻撃,FALSE,全体防御,FALSE,全体会心抵抗,FALSE,全体攻撃,FALSE,全体会心,FALSE,全体防御,FALSE,全体会心抵抗,HP+攻撃,妖精TypeA
,タイダー,アタッカー,活発,エルフ,FALSE,全体攻撃,FALSE,全体HP,FALSE,全体攻撃,FALSE,全体防御,FALSE,全体会心抵抗,FALSE,全体攻撃,FALSE,全体会心,FALSE,全体防御,FALSE,全体会心抵抗,HP+攻撃,エルフTypeB
,ミンス,アタッカー,活発,獣人,FALSE,全体攻撃,FALSE,全体HP,FALSE,全体攻撃,FALSE,全体防御,FALSE,全体会心抵抗,FALSE,全体攻撃,FALSE,全体会心,FALSE,全体防御,FALSE,全体会心抵抗,HP+攻撃,獣人TypeC
,モモ,アタッカー,活発,獣人,FALSE,全体攻撃,FALSE,全体HP,FALSE,全体攻撃,FALSE,全体防御,FALSE,全体会心抵抗,FALSE,全体攻撃,FALSE,全体会心,FALSE,全体防御,FALSE,全体会心抵抗,HP+攻撃,獣人TypeC
,マリー,アタッカー,活発,妖精,FALSE,全体攻撃,FALSE,全体HP,FALSE,全体攻撃,FALSE,全体防御,FALSE,全体会心抵抗,FALSE,全体攻撃,FALSE,全体会心,FALSE,全体防御,FALSE,全体会心抵抗,HP+攻撃,妖精TypeA
,サリー,アタッカー,純粋,幽霊,FALSE,全体会心,FALSE,全体HP,FALSE,全体会心,FALSE,全体防御,FALSE,全体会心抵抗,FALSE,全体攻撃,FALSE,全体会心,FALSE,全体HP,FALSE,全体防御,会心+HP,幽霊TypeC
,シルフィール,アタッカー,純粋,竜族,FALSE,全体会心,FALSE,全体HP,FALSE,全体会心,FALSE,全体防御,FALSE,全体会心抵抗,FALSE,全体攻撃,FALSE,全体会心,FALSE,全体HP,FALSE,全体防御,会心+HP,龍族TypeB
,ヴィヴィ,タンク,純粋,竜族,FALSE,全体会心,FALSE,全体HP,FALSE,全体会心,FALSE,全体防御,FALSE,全体会心抵抗,FALSE,全体攻撃,FALSE,全体会心,FALSE,全体HP,FALSE,全体防御,会心+HP,龍族TypeB
,マエストロMk2,タンク,狂気,エルフ,FALSE,全体会心,FALSE,全体HP,FALSE,全体会心,FALSE,全体防御,FALSE,全体会心抵抗,FALSE,全体攻撃,FALSE,全体会心,FALSE,全体HP,FALSE,全体防御,会心+HP,エルフTypeD
,ユミミ,アタッカー,狂気,獣人,FALSE,全体会心,FALSE,全体HP,FALSE,全体会心,FALSE,全体防御,FALSE,全体会心抵抗,FALSE,全体攻撃,FALSE,全体会心,FALSE,全体HP,FALSE,全体防御,会心+HP,獣人TypeB
,ベリータ,アタッカー,狂気,魔女,FALSE,全体会心,FALSE,全体HP,FALSE,全体会心,FALSE,全体防御,FALSE,全体会心抵抗,FALSE,全体攻撃,FALSE,全体会心,FALSE,全体HP,FALSE,全体防御,会心+HP,魔女TypeA
,アリス,アタッカー,狂気,幽霊,FALSE,全体会心,FALSE,全体HP,FALSE,全体会心,FALSE,全体防御,FALSE,全体会心抵抗,FALSE,全体攻撃,FALSE,全体会心,FALSE,全体HP,FALSE,全体防御,会心+HP,幽霊TypeC
,クロエ,タンク,狂気,妖精,FALSE,全体会心,FALSE,全体HP,FALSE,全体会心,FALSE,全体防御,FALSE,全体会心抵抗,FALSE,全体攻撃,FALSE,全体会心,FALSE,全体HP,FALSE,全体防御,会心+HP,妖精TypeE
,ベニー,アタッカー,活発,獣人,FALSE,全体会心,FALSE,全体HP,FALSE,全体会心,FALSE,全体防御,FALSE,全体会心抵抗,FALSE,全体攻撃,FALSE,全体会心,FALSE,全体HP,FALSE,全体防御,会心+HP,獣人TypeB
,ルード,タンク,活発,竜族,FALSE,全体会心,FALSE,全体HP,FALSE,全体会心,FALSE,全体防御,FALSE,全体会心抵抗,FALSE,全体攻撃,FALSE,全体会心,FALSE,全体HP,FALSE,全体防御,会心+HP,龍族TypeB
,アヤ,アタッカー,冷静,魔女,FALSE,全体攻撃,FALSE,全体防御,FALSE,全体攻撃,FALSE,全体HP,FALSE,全体防御,FALSE,全体攻撃,FALSE,全体会心,FALSE,全体HP,FALSE,全体会心抵抗,攻撃+防御,魔女TypeC
,パトラ,アタッカー,冷静,妖精,FALSE,全体攻撃,FALSE,全体防御,FALSE,全体攻撃,FALSE,全体HP,FALSE,全体防御,FALSE,全体攻撃,FALSE,全体会心,FALSE,全体HP,FALSE,全体会心抵抗,攻撃+防御,妖精TypeC
,ヨミ,サポーター,憂鬱,？？？,FALSE,全体攻撃,FALSE,全体防御,FALSE,全体攻撃,FALSE,全体HP,FALSE,全体防御,FALSE,全体攻撃,FALSE,全体会心,FALSE,全体HP,FALSE,全体会心抵抗,攻撃+防御,？？？
,フェスタ,サポーター,憂鬱,エルフ,FALSE,全体攻撃,FALSE,全体防御,FALSE,全体攻撃,FALSE,全体HP,FALSE,全体防御,FALSE,全体攻撃,FALSE,全体会心,FALSE,全体HP,FALSE,全体会心抵抗,攻撃+防御,エルフTypeC
,ベル,アタッカー,憂鬱,幽霊,FALSE,全体攻撃,FALSE,全体防御,FALSE,全体攻撃,FALSE,全体HP,FALSE,全体防御,FALSE,全体攻撃,FALSE,全体会心,FALSE,全体HP,FALSE,全体会心抵抗,攻撃+防御,幽霊TypeA
,スピッキー,アタッカー,純粋,幽霊,FALSE,全体攻撃,FALSE,全体防御,FALSE,全体攻撃,FALSE,全体HP,FALSE,全体防御,FALSE,全体攻撃,FALSE,全体会心,FALSE,全体HP,FALSE,全体会心抵抗,攻撃+防御,幽霊TypeA
,エルフィン,アタッカー,純粋,妖精,FALSE,全体攻撃,FALSE,全体防御,FALSE,全体攻撃,FALSE,全体HP,FALSE,全体防御,FALSE,全体攻撃,FALSE,全体会心,FALSE,全体HP,FALSE,全体会心抵抗,攻撃+防御,妖精TypeC
,シェイディ,アタッカー,狂気,幽霊,FALSE,全体攻撃,FALSE,全体防御,FALSE,全体攻撃,FALSE,全体HP,FALSE,全体防御,FALSE,全体攻撃,FALSE,全体会心,FALSE,全体HP,FALSE,全体会心抵抗,攻撃+防御,幽霊TypeA
,バター,アタッカー,活発,獣人,FALSE,全体攻撃,FALSE,全体防御,FALSE,全体攻撃,FALSE,全体HP,FALSE,全体防御,FALSE,全体攻撃,FALSE,全体会心,FALSE,全体HP,FALSE,全体会心抵抗,攻撃+防御,獣人TypeA
,ジュビー,アタッカー,活発,精霊,FALSE,全体攻撃,FALSE,全体防御,FALSE,全体攻撃,FALSE,全体HP,FALSE,全体防御,FALSE,全体攻撃,FALSE,全体会心,FALSE,全体HP,FALSE,全体会心抵抗,攻撃+防御,精霊TypeA
,ベルベット,タンク,冷静,魔女,FALSE,全体会心,FALSE,全体会心抵抗,FALSE,全体会心,FALSE,全体HP,FALSE,全体会心抵抗,FALSE,全体会心,FALSE,全体HP,FALSE,全体防御,FALSE,全体会心抵抗,抵抗+会心,魔女TypeB
,エスピー,サポーター,冷静,幽霊,FALSE,全体会心,FALSE,全体会心抵抗,FALSE,全体会心,FALSE,全体HP,FALSE,全体会心抵抗,FALSE,全体会心,FALSE,全体HP,FALSE,全体防御,FALSE,全体会心抵抗,抵抗+会心,幽霊TypeB
,レヴィ,アタッカー,憂鬱,魔女,FALSE,全体会心,FALSE,全体会心抵抗,FALSE,全体会心,FALSE,全体HP,FALSE,全体会心抵抗,FALSE,全体会心,FALSE,全体HP,FALSE,全体防御,FALSE,全体会心抵抗,抵抗+会心,魔女TypeB
,リム,アタッカー,憂鬱,幽霊,FALSE,全体会心,FALSE,全体会心抵抗,FALSE,全体会心,FALSE,全体HP,FALSE,全体会心抵抗,FALSE,全体会心,FALSE,全体HP,FALSE,全体防御,FALSE,全体会心抵抗,抵抗+会心,幽霊TypeB
,アレット,タンク,純粋,エルフ,FALSE,全体会心,FALSE,全体会心抵抗,FALSE,全体会心,FALSE,全体HP,FALSE,全体会心抵抗,FALSE,全体会心,FALSE,全体HP,FALSE,全体防御,FALSE,全体会心抵抗,抵抗+会心,エルフTypeE
,ディアナ,サポーター,狂気,獣人,FALSE,全体会心,FALSE,全体会心抵抗,FALSE,全体会心,FALSE,全体HP,FALSE,全体会心抵抗,FALSE,全体会心,FALSE,全体HP,FALSE,全体防御,FALSE,全体会心抵抗,抵抗+会心,獣人TypeD
,メゾン,アタッカー,狂気,幽霊,FALSE,全体会心,FALSE,全体会心抵抗,FALSE,全体会心,FALSE,全体HP,FALSE,全体会心抵抗,FALSE,全体会心,FALSE,全体HP,FALSE,全体防御,FALSE,全体会心抵抗,抵抗+会心,幽霊TypeB
,シスト,アタッカー,狂気,竜族,FALSE,全体会心,FALSE,全体会心抵抗,FALSE,全体会心,FALSE,全体HP,FALSE,全体会心抵抗,FALSE,全体会心,FALSE,全体HP,FALSE,全体防御,FALSE,全体会心抵抗,抵抗+会心,龍族TypeA
,ルポ,アタッカー,活発,獣人,FALSE,全体会心,FALSE,全体会心抵抗,FALSE,全体会心,FALSE,全体HP,FALSE,全体会心抵抗,FALSE,全体会心,FALSE,全体HP,FALSE,全体防御,FALSE,全体会心抵抗,抵抗+会心,獣人TypeD
,ウイ,サポーター,活発,精霊,FALSE,全体会心,FALSE,全体会心抵抗,FALSE,全体会心,FALSE,全体HP,FALSE,全体会心抵抗,FALSE,全体会心,FALSE,全体HP,FALSE,全体防御,FALSE,全体会心抵抗,抵抗+会心,精霊TypeD
,カレン,サポーター,活発,妖精,FALSE,全体会心,FALSE,全体会心抵抗,FALSE,全体会心,FALSE,全体HP,FALSE,全体会心抵抗,FALSE,全体会心,FALSE,全体HP,FALSE,全体防御,FALSE,全体会心抵抗,抵抗+会心,妖精TypeD
,レイジー,アタッカー,冷静,エルフ,FALSE,全体防御,FALSE,全体会心抵抗,FALSE,全体攻撃,FALSE,全体会心,FALSE,全体HP,FALSE,全体攻撃,FALSE,全体HP,FALSE,全体防御,FALSE,全体会心抵抗,防御+抵抗,エルフTypeA
,アメリア,サポーター,冷静,エルフ,FALSE,全体防御,FALSE,全体会心抵抗,FALSE,全体攻撃,FALSE,全体会心,FALSE,全体HP,FALSE,全体攻撃,FALSE,全体HP,FALSE,全体防御,FALSE,全体会心抵抗,防御+抵抗,エルフTypeA
,ピコラ　,サポーター,冷静,魔女,FALSE,全体防御,FALSE,全体会心抵抗,FALSE,全体攻撃,FALSE,全体会心,FALSE,全体HP,FALSE,全体攻撃,FALSE,全体HP,FALSE,全体防御,FALSE,全体会心抵抗,防御+抵抗,魔女TypeE
,ジェイド,アタッカー,冷静,竜族,FALSE,全体防御,FALSE,全体会心抵抗,FALSE,全体攻撃,FALSE,全体会心,FALSE,全体HP,FALSE,全体攻撃,FALSE,全体HP,FALSE,全体防御,FALSE,全体会心抵抗,防御+抵抗,龍族TypeC
,チョッピー,アタッカー,憂鬱,獣人,FALSE,全体防御,FALSE,全体会心抵抗,FALSE,全体攻撃,FALSE,全体会心,FALSE,全体HP,FALSE,全体攻撃,FALSE,全体HP,FALSE,全体防御,FALSE,全体会心抵抗,防御+抵抗,獣人TypeE
,コミー,タンク,憂鬱,獣人,FALSE,全体防御,FALSE,全体会心抵抗,FALSE,全体攻撃,FALSE,全体会心,FALSE,全体HP,FALSE,全体攻撃,FALSE,全体HP,FALSE,全体防御,FALSE,全体会心抵抗,防御+抵抗,獣人TypeE
,ポーシャ,サポーター,憂鬱,魔女,FALSE,全体防御,FALSE,全体会心抵抗,FALSE,全体攻撃,FALSE,全体会心,FALSE,全体HP,FALSE,全体攻撃,FALSE,全体HP,FALSE,全体防御,FALSE,全体会心抵抗,防御+抵抗,魔女TypeE
,シオン,アタッカー,憂鬱,幽霊,FALSE,全体防御,FALSE,全体会心抵抗,FALSE,全体攻撃,FALSE,全体会心,FALSE,全体HP,FALSE,全体攻撃,FALSE,全体HP,FALSE,全体防御,FALSE,全体会心抵抗,防御+抵抗,幽霊TypeD
,ギデオン,アタッカー,憂鬱,竜族,FALSE,全体防御,FALSE,全体会心抵抗,FALSE,全体攻撃,FALSE,全体会心,FALSE,全体HP,FALSE,全体攻撃,FALSE,全体HP,FALSE,全体防御,FALSE,全体会心抵抗,防御+抵抗,龍族TypeC
,ヘイリー,アタッカー,純粋,エルフ,FALSE,全体防御,FALSE,全体会心抵抗,FALSE,全体攻撃,FALSE,全体会心,FALSE,全体HP,FALSE,全体攻撃,FALSE,全体HP,FALSE,全体防御,FALSE,全体会心抵抗,防御+抵抗,エルフTypeA
,イフリート,アタッカー,狂気,精霊,FALSE,全体防御,FALSE,全体会心抵抗,FALSE,全体攻撃,FALSE,全体会心,FALSE,全体HP,FALSE,全体攻撃,FALSE,全体HP,FALSE,全体防御,FALSE,全体会心抵抗,防御+抵抗,精霊TypeB
,マヨ,アタッカー,狂気,妖精,FALSE,全体防御,FALSE,全体会心抵抗,FALSE,全体攻撃,FALSE,全体会心,FALSE,全体HP,FALSE,全体攻撃,FALSE,全体HP,FALSE,全体防御,FALSE,全体会心抵抗,防御+抵抗,妖精TypeB
,カンナ,アタッカー,活発,エルフ,FALSE,全体防御,FALSE,全体会心抵抗,FALSE,全体攻撃,FALSE,全体会心,FALSE,全体HP,FALSE,全体攻撃,FALSE,全体HP,FALSE,全体防御,FALSE,全体会心抵抗,防御+抵抗,エルフTypeA
,ヒルデ,サポーター,憂鬱,エルフ,,,,,,,,,,,,,,,,,,,,
,ウロス,,,,,,,,,,,,,,,,,,,,,,,
,イド,,,,,,,,,,,,,,,,,,,,,,,
,ディアナ（過去）,,,,,,,,,,,,,,,,,,,,,,,
,リコッタ,,,,,,,,,,,,,,,,,,,,,,,
,コミー（水着）,,,,,,,,,,,,,,,,,,,,,,,
,グウィン,,,,,,,,,,,,,,,,,,,,,,,
,エレナ,,,,,,,,,,,,,,,,,,,,,,,
,エイシア,,,,,,,,,,,,,,,,,,,,,,,
,バロン,,,,,,,,,,,,,,,,,,,,,,,
,シーザー,,,,,,,,,,,,,,,,,,,,,,,
,カンタ,,,,,,,,,,,,,,,,,,,,,,,
,レッテ,,,,,,,,,,,,,,,,,,,,,,,
,ジョーン,,,,,,,,,,,,,,,,,,,,,,,
,エシュール,,,,,,,,,,,,,,,,,,,,,,,
,シャーシャ,,,,,,,,,,,,,,,,,,,,,,,
,リオン,,,,,,,,,,,,,,,,,,,,,,,
,リスティ,,,,,,,,,,,,,,,,,,,,,,,
,オル,,,,,,,,,,,,,,,,,,,,,,,
,ローネ（市長）,,,,,,,,,,,,,,,,,,,,,,,
,ブランケット,,,,,,,,,,,,,,,,,,,,,,,
,スノーキー,,,,,,,,,,,,,,,,,,,,,,,
,バリエ,,,,,,,,,,,,,,,,,,,,,,,
,ラン,,,,,,,,,,,,,,,,,,,,,,,
,キャロット,,,,,,,,,,,,,,,,,,,,,,,
,マヨ（クール）,,,,,,,,,,,,,,,,,,,,,,,
,キャシー,,,,,,,,,,,,,,,,,,,,,,,
,ミュート,,,,,,,,,,,,,,,,,,,,,,,
,ナイア,,,,,,,,,,,,,,,,,,,,,,,
,ライカ,,,,,,,,,,,,,,,,,,,,,,,
,ダーヤ,,,,,,,,,,,,,,,,,,,,,,,
,オパール,,,,,,,,,,,,,,,,,,,,,,,
,シェラム,,,,,,,,,,,,,,,,,,,,,,,
,ローネ,,,,,,,,,,,,,,,,,,,,,,,
,リニュア,,,,,,,,,,,,,,,,,,,,,,,
,ティグ（ヒーロー）,,,,,,,,,,,,,,,,,,,,,,,
,ネル,,,,,,,,,,,,,,,,,,,,,,,
,ポーラン,,,,,,,,,,,,,,,,,,,,,,,
,リム（混沌）,,,,,,,,,,,,,,,,,,,,,,,
,リーツ,,,,,,,,,,,,,,,,,,,,,,,
,ピラ,,,,,,,,,,,,,,,,,,,,,,,
,ネティ,,,,,,,,,,,,,,,,,,,,,,,
,アーネット,,,,,,,,,,,,,,,,,,,,,,,
,ローレット,,,,,,,,,,,,,,,,,,,,,,,
,エピカ,,,,,,,,,,,,,,,,,,,,,,,
,ヴェラ,,,,,,,,,,,,,,,,,,,,,,,
,シュパン,,,,,,,,,,,,,,,,,,,,,,,
,ティグ,,,,,,,,,,,,,,,,,,,,,,,
,シュロ,,,,,,,,,,,,,,,,,,,,,,,
,アルコ,,,,,,,,,,,,,,,,,,,,,,,
,セリーヌ,,,,,,,,,,,,,,,,,,,,,,,
,スピッキー（メイド）,,,,,,,,,,,,,,,,,,,,,,,
,マカシャー,,,,,,,,,,,,,,,,,,,,,,,
,ミロ,,,,,,,,,,,,,,,,,,,,,,,
,アサナ,,,,,,,,,,,,,,,,,,,,,,,
,バナ,,,,,,,,,,,,,,,,,,,,,,,